<?xml version="1.0" encoding="UTF-8"?>
<project-private xmlns="http://www.netbeans.org/ns/project-private/1">
    <editor-bookmarks xmlns="http://www.netbeans.org/ns/editor-bookmarks/2" lastBookmarkId="0"/>
    <open-files xmlns="http://www.netbeans.org/ns/projectui-open-files/2">
        <group>
            <file>file:/C:/xampp/htdocs/ControlPresencia/ModEditaSubempresa.php</file>
            <file>file:/C:/xampp/htdocs/ControlPresencia/UploadLogo.php</file>
            <file>file:/C:/xampp/htdocs/ControlPresencia/AdminEmpresa.php</file>
            <file>file:/C:/xampp/htdocs/ControlPresencia/ModalUpload1.php</file>
            <file>file:/C:/xampp/htdocs/ControlPresencia/MasterAplicacio.php</file>
            <file>file:/C:/xampp/htdocs/ControlPresencia/ModNouHorari.php</file>
            <file>file:/C:/xampp/htdocs/ControlPresencia/index.php</file>
			<file>file:/C:/xampp/htdocs/ControlPresencia/ModVisuaSolictExcep.php</file>
            <file>file:/C:/xampp/htdocs/ControlPresencia/Serveis.php</file>
            <file>file:/C:/xampp/htdocs/ControlPresencia/FileDowloader.php</file>
            <file>file:/C:/xampp/htdocs/ControlPresencia/js/scripts.js</file>
            <file>file:/C:/xampp/htdocs/ControlPresencia/LogicaNegoci/Impl/AdminApiImpl.php</file>
            <file>file:/C:/xampp/htdocs/ControlPresencia/AdminInformeBaixes.php</file>
            <file>file:/C:/xampp/htdocs/ControlPresencia/LogicaNegoci/API/AdminApi.php</file>
        </group>
    </open-files>
</project-private>
